t,x,y,z,pen_down
24811.5753,32.380,-32.380,0.000,1
24811.6240,42.700,-42.700,0.000,1
24811.6739,52.890,-52.890,0.000,1
24811.7254,63.150,-63.150,0.000,1
24811.7740,73.380,-73.380,0.000,1
24811.8256,83.600,-83.600,0.000,1
24811.8738,93.470,-93.470,0.000,1
24811.9209,98.980,-98.980,0.000,1
24811.9742,102.340,-100.770,0.000,1
24812.0241,112.330,-104.060,0.000,1
24812.0741,125.110,-108.270,0.000,1
24812.1240,137.880,-112.470,0.000,1
24812.1741,150.650,-116.670,0.000,1
24812.2240,163.440,-120.880,0.000,1
24812.2740,176.210,-125.090,0.000,1
24812.3240,188.990,-129.290,0.000,1
24812.3744,201.850,-133.530,0.000,1
24812.4239,214.520,-137.700,0.000,1
24812.4740,227.320,-141.910,0.000,1
24812.5207,239.220,-145.830,0.000,1
24812.5741,252.880,-150.320,0.000,1
24812.6241,265.650,-154.530,0.000,1
24812.6740,278.430,-158.730,0.000,1
24812.7254,291.160,-162.920,0.000,1
24812.7738,299.210,-165.570,0.000,1
24812.8242,300.290,-165.930,-1.445,1
24812.8730,300.290,-165.930,-6.923,1
24812.9239,299.950,-166.100,-7.995,1
24812.9740,299.340,-166.400,-7.995,1
24813.0230,298.750,-166.690,-7.995,1
24813.0722,297.960,-167.050,-7.995,1
24813.1201,296.120,-167.800,-7.995,1
24813.1697,293.330,-168.950,-7.995,1
24813.2241,289.820,-169.880,-7.995,1
24813.2713,286.070,-169.900,-7.995,1
24813.3233,282.260,-170.560,-7.995,1
24813.3744,278.270,-170.560,-7.995,1
24813.4241,274.630,-170.380,-7.995,1
24813.4746,270.390,-169.610,-7.995,1
24813.5214,265.310,-168.300,-7.995,1
24813.5748,260.000,-167.310,-7.995,1
24813.6245,253.090,-165.930,-7.995,1
24813.6744,246.630,-165.060,-7.995,1
24813.7236,240.510,-164.050,-7.995,1
24813.7741,235.100,-163.200,-7.995,1
24813.8241,229.210,-162.290,-7.995,1
24813.8734,224.370,-161.310,-7.995,1
24813.9238,219.610,-160.610,-7.995,1
24813.9751,215.440,-159.590,-7.995,1
24814.0244,212.580,-159.210,-7.995,1
24814.0737,210.160,-158.520,-7.995,1
24814.1241,208.140,-157.870,-7.995,1
24814.1699,206.090,-157.560,-7.995,1
24814.2215,203.660,-157.560,-7.995,1
24814.2694,201.870,-157.560,-7.995,1
24814.3241,200.340,-157.560,-7.995,1
24814.3716,199.500,-157.930,-7.995,1
24814.4240,198.500,-158.360,-7.995,1
24814.4740,196.720,-158.860,-7.995,1
24814.5219,195.560,-159.490,-7.995,1
24814.5724,194.500,-160.210,-7.995,1
24814.6238,193.840,-160.720,-7.995,1
24814.6741,193.260,-161.170,-7.995,1
24814.7256,192.650,-161.670,-7.995,1
24814.7703,191.980,-162.340,-7.995,1
24814.8234,191.240,-163.090,-7.995,1
24814.8693,190.680,-163.590,-7.995,1
24814.9214,190.120,-164.050,-7.995,1
24814.9740,189.550,-164.520,-7.995,1
24815.0240,188.990,-165.020,-7.995,1
24815.0719,188.030,-166.220,-7.995,1
24815.1208,187.260,-167.190,-7.995,1
24815.1739,186.500,-168.120,-7.995,1
24815.2240,186.150,-168.670,-7.995,1
24815.2739,185.850,-169.170,-7.995,1
24815.3219,185.560,-169.660,-7.995,1
24815.3739,185.110,-170.100,-7.995,1
24815.4194,184.610,-170.430,-7.995,1
24815.4718,184.040,-170.810,-7.995,1
24815.5241,183.470,-171.190,-7.995,1
24815.5740,182.360,-171.650,-7.995,1
24815.6257,180.970,-172.240,-7.995,1
24815.6740,179.240,-172.910,-7.995,1
24815.7251,176.300,-173.360,-7.995,1
24815.7754,173.480,-174.070,-7.995,1
24815.8249,169.800,-174.200,-7.995,1
24815.8740,165.940,-174.200,-7.995,1
24815.9242,161.250,-174.200,-7.995,1
24815.9742,156.710,-174.200,-7.995,1
24816.0240,151.540,-174.200,-7.995,1
24816.0742,145.850,-173.680,-7.995,1
24816.1240,140.730,-173.150,-7.995,1
24816.1697,136.370,-172.750,-7.995,1
24816.2240,130.880,-172.140,-7.995,1
24816.2742,126.370,-171.780,-7.995,1
24816.3258,121.570,-171.130,-7.995,1
24816.3695,118.270,-170.670,-7.995,1
24816.4251,113.590,-170.240,-7.995,1
24816.4743,109.080,-170.140,-7.995,1
24816.5259,104.980,-170.480,-7.995,1
24816.5709,101.620,-171.120,-7.995,1
24816.6247,98.240,-172.430,-7.995,1
24816.6744,95.410,-173.860,-7.995,1
24816.7252,93.560,-175.750,-7.995,1
24816.7742,92.380,-177.410,-7.995,1
24816.8236,92.070,-179.070,-7.995,1
24816.8740,92.860,-180.810,-7.995,1
24816.9237,94.440,-181.980,-7.995,1
24816.9733,97.020,-183.300,-7.995,1
24817.0241,101.110,-184.640,-7.995,1
24817.0739,105.660,-185.420,-7.995,1
24817.1225,111.140,-186.400,-7.995,1
24817.1740,117.640,-186.790,-7.995,1
24817.2238,124.220,-187.440,-7.995,1
24817.2740,130.630,-187.360,-7.995,1
24817.3259,136.300,-186.940,-7.995,1
24817.3742,141.180,-186.560,-7.995,1
24817.4240,145.020,-185.870,-7.995,1
24817.4739,148.400,-185.460,-7.995,1
24817.5200,151.400,-185.020,-7.995,1
24817.5722,155.650,-184.710,-7.995,1
24817.6240,160.140,-184.710,-7.995,1
24817.6739,165.260,-184.710,-7.995,1
24817.7217,168.840,-184.710,-7.995,1
24817.7717,172.390,-184.710,-7.995,1
24817.8268,176.340,-184.710,-7.995,1
24817.8718,179.650,-184.710,-7.995,1
24817.9245,182.980,-184.710,-7.995,1
24817.9750,185.350,-184.660,-7.995,1
24818.0241,186.880,-184.340,-7.995,1
24818.0740,187.770,-184.170,-7.995,1
24818.1192,188.510,-184.040,-7.995,1
24818.1739,189.150,-184.040,-7.995,1
24818.2214,189.710,-184.040,-7.995,1
24818.2740,190.220,-184.120,-7.995,1
24818.3224,190.570,-184.280,-7.995,1
24818.3739,190.940,-184.450,-7.995,1
24818.4240,191.300,-184.610,-7.995,1
24818.4741,191.670,-184.780,-7.995,1
24818.5201,192.770,-185.330,-7.995,1
24818.5711,193.950,-185.890,-7.995,1
24818.6217,194.690,-186.190,-7.995,1
24818.6716,195.350,-186.490,-7.995,1
24818.7253,195.350,-186.900,-7.995,1
24818.7738,195.350,-187.300,-7.995,1
24818.8239,195.350,-187.690,-7.995,1
24818.8724,195.350,-188.070,-7.995,1
24818.9244,195.030,-188.900,-7.995,1
24818.9726,194.690,-189.760,-7.995,1
24819.0241,194.170,-191.060,-7.995,1
24819.0741,193.510,-192.270,-7.995,1
24819.1241,192.880,-193.440,-7.995,1
24819.1742,192.410,-194.620,-7.995,1
24819.2241,191.930,-196.060,-7.995,1
24819.2741,191.610,-197.200,-7.995,1
24819.3258,191.430,-198.110,-7.995,1
24819.3739,191.510,-198.590,-7.995,1
24819.4240,191.710,-198.920,-7.995,1
24819.4719,191.890,-199.230,-7.995,1
24819.5218,192.090,-199.550,-7.995,1
24819.5739,192.290,-199.890,-7.995,1
24819.6239,192.970,-200.320,-7.995,1
24819.6741,194.030,-200.850,-7.995,1
24819.7256,195.540,-201.490,-7.995,1
24819.7741,197.650,-202.500,-7.995,1
24819.8200,199.360,-203.250,-7.995,1
24819.8739,201.280,-204.050,-7.995,1
24819.9242,203.450,-204.750,-7.995,1
24819.9715,206.000,-205.200,-7.995,1
24820.0243,208.990,-205.320,-7.995,1
24820.0698,211.830,-205.320,-7.995,1
24820.1193,214.640,-205.200,-7.995,1
24820.1706,217.530,-204.760,-7.995,1
24820.2240,220.550,-204.360,-7.995,1
24820.2741,222.890,-203.770,-7.995,1
24820.3257,224.340,-203.400,-7.995,1
24820.3692,225.120,-203.190,-7.995,1
24820.4239,224.980,-202.860,-7.995,1
24820.4738,224.840,-202.550,-7.995,1
24820.5239,224.710,-202.250,-7.995,1
24820.5739,224.580,-201.940,-7.995,1
24820.6238,224.450,-201.630,-7.995,1
24820.6737,224.320,-201.330,-7.995,1
24820.7224,224.200,-201.040,-7.995,1
24820.7740,223.080,-200.390,-7.995,1
24820.8217,221.620,-199.750,-7.995,1
24820.8723,220.100,-199.240,-7.995,1
24820.9239,218.930,-198.770,-7.995,1
24820.9741,217.620,-198.160,-7.995,1
24821.0241,216.200,-197.510,-7.995,1
24821.0722,214.780,-197.030,-7.995,1
24821.1192,213.340,-196.350,-7.995,1
24821.1712,211.610,-195.490,-7.995,1
24821.2224,209.610,-194.540,-7.995,1
24821.2696,207.790,-193.910,-7.995,1
24821.3201,206.640,-193.460,-7.995,1
24821.3740,206.270,-193.130,-7.995,1
24821.4239,206.270,-192.870,-7.995,1
24821.4740,206.270,-192.610,-7.995,1
24821.5239,206.270,-192.350,-7.995,1
24821.5712,206.270,-192.110,-7.995,1
24821.6238,206.270,-191.830,-7.995,1
24821.6733,206.410,-191.480,-7.995,1
24821.7231,206.890,-190.890,-7.995,1
24821.7741,207.400,-190.250,-7.995,1
24821.8222,208.090,-189.700,-7.995,1
24821.8693,208.930,-189.200,-7.995,1
24821.9240,210.490,-188.760,-7.995,1
24821.9740,212.170,-188.500,-7.995,1
24822.0240,213.940,-188.350,-7.995,1
24822.0743,216.010,-188.350,-7.995,1
24822.1241,218.330,-188.620,-7.995,1
24822.1743,220.560,-189.000,-7.995,1
24822.2240,222.420,-189.350,-7.995,1
24822.2731,224.060,-189.430,-7.995,1
24822.3248,225.570,-189.510,-7.995,1
24822.3741,226.880,-189.760,-7.995,1
24822.4242,228.050,-189.760,-7.995,1
24822.4769,229.580,-189.920,-7.995,1
24822.5242,231.040,-190.090,-7.995,1
24822.5741,232.450,-190.090,-7.995,1
24822.6240,233.230,-190.180,-7.995,1
24822.6741,233.860,-190.310,-7.995,1
24822.7255,234.430,-190.460,-7.995,1
24822.7740,234.580,-190.760,-7.995,1
24822.8239,234.730,-191.070,-7.995,1
24822.8691,234.870,-191.350,-7.995,1
24822.9239,235.040,-191.690,-7.995,1
24822.9739,235.190,-192.000,-7.995,1
24823.0242,235.350,-192.310,-7.995,1
24823.0721,235.500,-193.020,-7.995,1
24823.1222,235.680,-194.080,-7.995,1
24823.1721,235.730,-195.010,-7.995,1
24823.2241,235.730,-195.930,-7.995,1
24823.2740,235.410,-196.860,-7.995,1
24823.3241,235.040,-197.800,-7.995,1
24823.3704,234.710,-198.610,-7.995,1
24823.4239,234.350,-199.430,-7.995,1
24823.4715,234.080,-199.770,-7.995,1
24823.5239,233.780,-200.150,-7.995,1
24823.5738,233.500,-200.510,-7.995,1
24823.6240,233.210,-200.870,-7.995,1
24823.6738,233.380,-201.230,-7.995,1
24823.7254,233.900,-201.600,-7.995,1
24823.7740,234.410,-201.960,-7.995,1
24823.8214,234.880,-202.300,-7.995,1
24823.8739,235.500,-202.680,-7.995,1
24823.9217,237.960,-202.990,-7.995,1
24823.9739,241.340,-203.710,-7.995,1
24824.0200,245.500,-203.990,-7.995,1
24824.0744,250.340,-203.990,-7.995,1
24824.1235,254.270,-203.480,-7.995,1
24824.1740,256.770,-202.760,-7.995,1
24824.2240,259.110,-202.040,-7.995,1
24824.2698,261.000,-201.330,-7.995,1
24824.3241,263.290,-200.570,-7.995,1
24824.3741,265.410,-199.860,-7.995,1
24824.4195,267.140,-199.410,-7.995,1
24824.4761,268.700,-198.930,-7.995,1
24824.5239,269.490,-198.540,-7.995,1
24824.5738,269.430,-198.240,-7.995,1
24824.6239,269.370,-197.940,-7.995,1
24824.6740,269.310,-197.640,-7.995,1
24824.7254,269.250,-197.340,-7.995,1
24824.7740,269.190,-197.040,-7.995,1
24824.8240,268.350,-196.300,-7.995,1
24824.8737,267.020,-195.310,-7.995,1
24824.9201,265.710,-194.430,-7.995,1
24824.9701,265.170,-194.160,-7.995,1
24825.0204,264.720,-193.980,-7.995,1
24825.0728,264.270,-193.800,-7.995,1
24825.1194,263.830,-193.650,-7.995,1
24825.1731,262.840,-193.900,-7.995,1
24825.2216,261.700,-194.060,-7.995,1
24825.2741,259.900,-194.060,-7.995,1
24825.3224,258.360,-194.060,-7.995,1
24825.3743,256.580,-194.060,-7.995,1
24825.4240,254.880,-194.060,-7.995,1
24825.4729,253.310,-194.060,-7.995,1
24825.5240,251.780,-194.060,-7.995,1
24825.5742,250.370,-194.060,-7.995,1
24825.6211,249.250,-194.060,-7.995,1
24825.6740,248.170,-193.940,-7.995,1
24825.7256,247.290,-193.720,-7.995,1
24825.7728,247.130,-193.500,-7.995,1
24825.8240,247.360,-193.270,-7.995,1
24825.8739,247.590,-193.040,-7.995,1
24825.9240,247.820,-192.810,-7.995,1
24825.9723,248.040,-192.590,-7.995,1
24826.0238,248.270,-192.360,-7.995,1
24826.0741,248.500,-192.130,-7.995,1
24826.1193,249.000,-191.730,-7.995,1
24826.1726,250.760,-190.470,-7.995,1
24826.2244,252.870,-189.700,-7.995,1
24826.2747,255.360,-188.990,-7.995,1
24826.3240,258.140,-188.320,-7.995,1
24826.3741,260.900,-187.960,-7.995,1
24826.4219,262.980,-187.680,-7.995,1
24826.4740,264.780,-187.680,-7.995,1
24826.5200,266.120,-187.680,-7.995,1
24826.5711,266.970,-187.680,-7.995,1
24826.6222,267.750,-187.680,-7.995,1
24826.6739,268.420,-187.680,-7.995,1
24826.7229,269.040,-187.680,-7.995,1
24826.7697,269.830,-187.680,-7.995,1
24826.8261,271.360,-187.680,-7.995,1
24826.8745,273.090,-187.680,-7.995,1
24826.9242,275.200,-187.690,-7.995,1
24826.9714,277.530,-188.110,-7.995,1
24827.0205,280.340,-188.110,-7.995,1
24827.0711,282.130,-188.110,-7.995,1
24827.1241,283.780,-188.010,-7.995,1
24827.1740,284.960,-187.710,-7.995,1
24827.2202,285.260,-187.640,-7.995,1
24827.2739,285.520,-187.590,-7.995,1
24827.3238,285.760,-187.540,-7.995,1
24827.3691,285.990,-187.490,-7.995,1
24827.4238,286.260,-187.440,-7.995,1
24827.4739,286.500,-187.390,-7.995,1
24827.5211,286.710,-187.370,-7.995,1
24827.5739,286.770,-187.650,-7.995,1
24827.6236,286.820,-187.910,-7.995,1
24827.6738,286.870,-188.170,-7.995,1
24827.7253,286.910,-188.430,-7.995,1
24827.7738,286.960,-188.700,-7.995,1
24827.8240,287.010,-188.960,-7.995,1
24827.8740,287.100,-189.370,-7.995,1
24827.9215,287.220,-189.960,-7.995,1
24827.9743,287.350,-190.620,-7.995,1
24828.0211,287.480,-191.470,-7.995,1
24828.0728,287.630,-192.480,-7.995,1
24828.1240,287.710,-193.530,-7.995,1
24828.1691,287.710,-194.490,-7.995,1
24828.2240,287.570,-195.890,-7.995,1
24828.2740,287.380,-197.460,-7.995,1
24828.3258,287.380,-199.110,-7.995,1
24828.3728,287.650,-200.720,-7.995,1
24828.4207,288.090,-201.210,-7.995,1
24828.4728,288.660,-201.490,-7.995,1
24828.5239,289.200,-201.770,-7.995,1
24828.5740,289.810,-201.980,-7.995,1
24828.6242,291.320,-201.660,-7.995,1
24828.6740,293.270,-200.780,-7.995,1
24828.7245,294.780,-199.660,-7.995,1
24828.7741,296.210,-198.240,-7.995,1
24828.8241,297.290,-196.480,-7.995,1
24828.8742,297.820,-194.390,-7.995,1
24828.9307,298.120,-192.560,-7.995,1
24828.9739,298.300,-191.570,-7.995,1
24829.0245,298.300,-190.620,-7.995,1
24829.0738,298.340,-190.030,-7.995,1
24829.1238,298.470,-190.150,-7.995,1
24829.1718,298.610,-190.260,-7.995,1
24829.2240,298.750,-190.390,-7.995,1
24829.2738,298.890,-190.510,-7.995,1
24829.3238,299.020,-190.620,-7.995,1
24829.3739,299.160,-190.740,-7.995,1
24829.4239,299.300,-190.860,-7.995,1
24829.4705,299.430,-190.970,-7.995,1
24829.5228,299.570,-191.090,-7.995,1
24829.5737,299.710,-191.210,-7.995,1
24829.6740,300.090,-191.670,-7.995,1
24829.7239,301.500,-194.050,-7.995,1
24829.7739,302.630,-195.770,-7.995,1
24829.8257,302.950,-196.290,-7.995,1
24829.8738,303.260,-196.810,-7.995,1
24829.9239,303.580,-197.330,-7.995,1
24829.9739,303.920,-197.910,-7.995,1
24830.0242,304.260,-198.480,-7.995,1
24830.0740,304.650,-199.050,-7.995,1
24830.1239,305.860,-199.540,-7.995,1
24830.1737,306.740,-199.790,-7.995,1
24830.2198,307.430,-199.930,-7.995,1
24830.2708,308.290,-199.940,-7.995,1
24830.3241,309.420,-199.700,-7.995,1
24830.3740,310.380,-199.100,-7.995,1
24830.4227,311.240,-198.250,-7.995,1
24830.4739,311.800,-197.300,-7.995,1
24830.5240,312.170,-196.360,-7.995,1
24830.5701,312.580,-195.330,-7.995,1
24830.6240,312.810,-194.320,-7.995,1
24830.6739,312.690,-193.600,-7.995,1
24830.7255,312.570,-192.880,-7.995,1
24830.7740,312.160,-191.900,-7.995,1
24830.8241,311.590,-190.770,-7.995,1
24830.8749,310.590,-189.710,-7.995,1
24830.9241,309.520,-188.650,-7.995,1
24830.9714,308.410,-187.760,-7.995,1
24831.0239,307.440,-186.900,-7.995,1
24831.0738,306.700,-186.160,-7.995,1
24831.1239,306.130,-185.430,-7.995,1
24831.1738,305.850,-184.730,-7.995,1
24831.2240,305.580,-184.030,-7.995,1
24831.2737,305.580,-183.580,-7.995,1
24831.3224,305.580,-183.150,-7.995,1
24831.3734,305.580,-182.670,-7.995,1
24831.4237,305.580,-182.360,-7.995,1
24831.4738,305.580,-182.290,-7.995,1
24831.5237,305.580,-182.220,-7.995,1
24831.5717,305.580,-182.160,-7.995,1
24831.6191,305.580,-182.090,-7.995,1
24831.6738,305.580,-182.010,-7.995,1
24831.7218,305.580,-181.950,-7.995,1
24831.7737,305.580,-181.870,-7.995,1
24831.8238,305.580,-181.800,-7.995,1
24831.8742,305.580,-181.730,-7.995,1
24831.9211,305.580,-181.720,-5.653,1
24831.9742,305.580,-181.720,-0.315,1
24832.0242,305.000,-179.770,0.000,1
24832.0739,302.910,-172.700,0.000,1
24832.1239,300.830,-165.690,0.000,1
24832.1741,300.290,-163.850,-0.361,1
24832.2239,300.290,-163.850,-5.443,1
24832.2739,300.290,-163.700,-7.995,1
24832.3238,300.290,-163.060,-7.995,1
24832.3753,300.290,-162.400,-7.995,1
24832.4240,300.290,-161.710,-7.995,1
24832.4743,300.290,-160.040,-7.995,1
24832.5239,300.540,-158.050,-7.995,1
24832.5740,300.620,-155.930,-7.995,1
24832.6193,300.620,-153.770,-7.995,1
24832.6758,300.620,-150.230,-7.995,1
24832.7221,300.930,-146.820,-7.995,1
24832.7741,301.330,-143.530,-7.995,1
24832.8261,302.470,-140.660,-7.995,1
24832.8731,303.880,-138.320,-7.995,1
24832.9238,306.180,-135.630,-7.995,1
24832.9712,308.670,-133.930,-7.995,1
24833.0241,311.470,-132.030,-7.995,1
24833.0739,314.970,-129.860,-7.995,1
24833.1257,318.620,-128.680,-7.995,1
24833.1696,322.060,-128.100,-7.995,1
24833.2243,326.710,-128.230,-7.995,1
24833.2738,331.080,-128.960,-7.995,1
24833.3215,334.730,-129.190,-7.995,1
24833.3731,338.410,-130.190,-7.995,1
24833.4239,342.200,-130.930,-7.995,1
24833.4708,344.600,-131.940,-7.995,1
24833.5239,346.570,-132.690,-7.995,1
24833.5703,348.360,-133.560,-7.995,1
24833.6240,350.380,-135.450,-7.995,1
24833.6740,352.350,-137.370,-7.995,1
24833.7218,353.790,-139.120,-7.995,1
24833.7740,355.130,-141.390,-7.995,1
24833.8213,355.980,-143.840,-7.995,1
24833.8741,356.490,-146.560,-7.995,1
24833.9240,356.820,-148.640,-7.995,1
24833.9739,357.420,-150.640,-7.995,1
24834.0204,358.140,-152.780,-7.995,1
24834.0719,358.530,-154.790,-7.995,1
24834.1241,358.290,-156.260,-7.995,1
24834.1740,358.050,-157.670,-7.995,1
24834.2242,357.670,-159.130,-7.995,1
24834.2740,356.990,-160.710,-7.995,1
24834.3258,355.660,-162.200,-7.995,1
24834.3739,353.660,-163.660,-7.995,1
24834.4198,351.430,-165.050,-7.995,1
24834.4750,348.500,-166.300,-7.995,1
24834.5221,345.240,-167.490,-7.995,1
24834.5738,341.840,-168.470,-7.995,1
24834.6261,338.660,-169.760,-7.995,1
24834.6688,335.800,-170.750,-7.995,1
24834.7220,332.570,-171.720,-7.995,1
24834.7739,329.940,-172.640,-7.995,1
24834.8212,327.600,-173.090,-7.995,1
24834.8740,325.350,-173.920,-7.995,1
24834.9239,323.270,-174.700,-7.995,1
24834.9741,321.430,-175.410,-7.995,1
24835.0241,319.090,-175.870,-7.995,1
24835.0741,317.410,-176.200,-7.995,1
24835.1195,315.540,-176.520,-7.995,1
24835.1715,314.250,-177.030,-7.995,1
24835.2239,313.000,-177.520,-7.995,1
24835.2739,311.970,-177.980,-7.995,1
24835.3244,311.230,-178.430,-7.995,1
24835.3728,310.550,-178.840,-7.995,1
24835.4209,310.620,-178.840,-7.995,1
24835.4719,310.700,-178.840,-7.995,1
24835.5238,310.780,-178.840,-7.995,1
24835.5697,310.850,-178.840,-7.995,1
24835.6195,310.880,-178.840,-6.643,1
24835.6739,310.880,-178.840,-0.723,1
24835.7253,312.820,-177.760,0.000,1
24835.7706,321.290,-173.050,0.000,1
24835.8258,334.950,-165.460,0.000,1
24835.8717,347.140,-158.680,0.000,1
24835.9241,357.570,-152.880,0.000,1
24835.9739,359.870,-151.600,-0.524,1
24836.0248,359.870,-151.600,-5.921,1
24836.0699,359.980,-151.520,-7.995,1
24836.1241,360.490,-151.190,-7.995,1
24836.1725,360.950,-150.880,-7.995,1
24836.2248,361.440,-150.560,-7.995,1
24836.2763,362.040,-150.170,-7.995,1
24836.3208,363.900,-149.110,-7.995,1
24836.3743,367.390,-147.660,-7.995,1
24836.4213,371.440,-145.750,-7.995,1
24836.4746,375.590,-143.410,-7.995,1
24836.5242,379.220,-141.350,-7.995,1
24836.5741,382.460,-138.180,-7.995,1
24836.6241,384.960,-134.830,-7.995,1
24836.6696,386.930,-131.900,-7.995,1
24836.7252,389.820,-128.270,-7.995,1
24836.7740,392.300,-125.710,-7.995,1
24836.8237,394.940,-123.020,-7.995,1
24836.8741,397.600,-120.960,-7.995,1
24836.9255,399.110,-119.980,-7.995,1
24836.9691,399.930,-119.560,-7.995,1
24837.0240,400.050,-120.160,-7.995,1
24837.0704,400.150,-120.680,-7.995,1
24837.1216,400.260,-121.240,-7.995,1
24837.1713,399.980,-123.720,-7.995,1
24837.2242,399.310,-127.550,-7.995,1
24837.2749,398.730,-130.740,-7.995,1
24837.3258,397.690,-133.780,-7.995,1
24837.3741,396.920,-136.580,-7.995,1
24837.4207,396.660,-137.610,-7.995,1
24837.4741,396.360,-138.780,-7.995,1
24837.5240,396.920,-138.900,-7.995,1
24837.5739,397.990,-138.560,-7.995,1
24837.6238,399.730,-138.170,-7.995,1
24837.6740,403.890,-136.610,-7.995,1
24837.7255,408.920,-134.870,-7.995,1
24837.7721,413.900,-133.380,-7.995,1
24837.8236,419.640,-131.700,-7.995,1
24837.8701,424.200,-130.480,-7.995,1
24837.9242,428.220,-129.480,-7.995,1
24837.9711,430.880,-129.690,-7.995,1
24838.0330,433.230,-130.610,-7.995,1
24838.0709,434.300,-131.140,-7.995,1
24838.1239,434.820,-132.580,-7.995,1
24838.1739,435.210,-134.520,-7.995,1
24838.2226,435.340,-136.900,-7.995,1
24838.2738,435.340,-138.330,-7.995,1
24838.3241,435.580,-139.030,-7.995,1
24838.3707,436.500,-138.730,-7.995,1
24838.4251,437.560,-138.390,-7.995,1
24838.4743,441.340,-137.430,-7.995,1
24838.5241,448.490,-136.060,-7.995,1
24838.5746,457.010,-135.380,-7.995,1
24838.6235,466.510,-135.380,-7.995,1
24838.6750,474.780,-135.380,-7.995,1
24838.7252,479.810,-135.890,-7.995,1
24838.7740,481.280,-136.500,-7.995,1
24838.8243,481.730,-137.190,-7.995,1
24838.8732,482.210,-137.910,-7.995,1
24838.9200,482.560,-139.410,-7.995,1
24838.9719,482.950,-141.970,-7.995,1
24839.0241,482.710,-144.540,-7.995,1
24839.0697,481.860,-146.400,-7.995,1
24839.1241,479.360,-148.720,-7.995,1
24839.1733,475.840,-150.650,-7.995,1
24839.2228,470.680,-152.260,-7.995,1
24839.2739,464.390,-153.360,-7.995,1
24839.3214,457.370,-154.020,-7.995,1
24839.3691,451.240,-154.630,-7.995,1
24839.4226,445.430,-155.310,-7.995,1
24839.4740,443.210,-155.750,-7.995,1
24839.5239,441.100,-156.170,-7.995,1
24839.5739,440.500,-156.610,-7.995,1
24839.6239,440.860,-157.160,-7.995,1
24839.6723,441.210,-157.690,-7.995,1
24839.7233,441.570,-158.230,-7.995,1
24839.7708,443.440,-159.900,-7.995,1
24839.8248,446.970,-162.850,-7.995,1
24839.8713,449.660,-165.770,-7.995,1
24839.9235,451.700,-168.890,-7.995,1
24839.9740,451.900,-171.400,-7.995,1
24840.0239,451.330,-173.300,-7.995,1
24840.0741,449.290,-174.650,-7.995,1
24840.1265,445.330,-175.730,-7.995,1
24840.1724,439.420,-176.190,-7.995,1
24840.2243,431.350,-176.760,-7.995,1
24840.2742,423.140,-177.510,-7.995,1
24840.3253,418.090,-178.170,-7.995,1
24840.3694,413.890,-178.170,-7.995,1
24840.4218,410.390,-178.090,-7.995,1
24840.4734,408.450,-177.600,-7.995,1
24840.5239,408.210,-177.110,-7.995,1
24840.5738,407.970,-176.640,-7.995,1
24840.6242,407.730,-176.160,-7.995,1
24840.6740,407.480,-175.580,-7.995,1
24840.7253,407.010,-174.180,-7.995,1
24840.7740,405.390,-172.300,-7.995,1
24840.8217,402.150,-170.180,-7.995,1
24840.8759,397.380,-168.520,-7.995,1
24840.9249,392.710,-167.530,-7.995,1
24840.9741,387.570,-167.160,-7.995,1
24841.0242,383.140,-167.560,-7.995,1
24841.0719,380.850,-168.520,-7.995,1
24841.1226,380.230,-169.390,-7.995,1
24841.2741,380.660,-171.770,-7.995,1
24841.3240,382.820,-173.200,-7.995,1
24841.3720,385.530,-174.620,-7.995,1
24841.4227,387.450,-175.720,-7.995,1
24841.4725,387.260,-175.860,-7.995,1
24841.5240,386.700,-175.860,-7.995,1
24841.5727,386.170,-175.860,-7.995,1
24841.6196,385.610,-175.860,-7.995,1
24841.6728,383.330,-175.860,-7.995,1
24841.7256,379.370,-175.860,-7.995,1
24841.7741,375.180,-175.120,-7.995,1
24841.8261,371.780,-174.110,-7.995,1
24841.8692,369.930,-173.490,-7.995,1
24841.9239,369.220,-173.220,-7.995,1
24841.9739,368.630,-172.980,-7.995,1
24842.0243,367.890,-172.680,-7.995,1
24842.0742,366.110,-171.920,-7.995,1
24842.1213,363.770,-171.020,-7.995,1
24842.1697,361.950,-170.550,-7.995,1
24842.2218,360.170,-170.200,-7.995,1
24842.2739,359.770,-170.040,-7.995,1
24842.3213,359.650,-169.920,-7.995,1
24842.3722,359.520,-169.790,-7.995,1
24842.4219,359.390,-169.660,-7.995,1
24842.4707,359.260,-169.530,-7.995,1
24842.5240,359.210,-169.480,-6.200,1
24842.5741,359.210,-169.480,-0.769,1
24842.6219,357.570,-168.400,0.000,1
24842.6741,348.070,-162.150,0.000,1
24842.7235,335.800,-154.070,0.000,1
24842.7742,322.520,-145.330,0.000,1
24842.8201,311.790,-138.260,0.000,1
24842.8728,306.910,-135.050,0.000,1
24842.9239,306.910,-135.050,-4.184,1
24842.9741,306.900,-135.020,-7.995,1
24843.0241,306.190,-133.320,-7.995,1
24843.0758,305.140,-131.460,-7.995,1
24843.1198,304.450,-129.600,-7.995,1
24843.1739,303.700,-126.860,-7.995,1
